{"cameraMode":{"drawMode":0,"name":"Shaded","section":"Shading Mode"},"sceneLighting":true,"audioPlay":false,"sceneViewState":{"showFog":true,"showMaterialUpdate":false,"showSkybox":true,"showFlares":true,"showImageEffects":true,"showParticleSystems":true},"in2DMode":false,"pivot":{"x":-0.4287995994091034,"y":1.8781301975250245,"z":-3.3078572750091554},"rotation":{"x":-0.02297220192849636,"y":0.9711592197418213,"z":-0.213105246424675,"w":-0.10470016300678253},"size":1.8262133598327637,"orthographic":false}