{"cameraMode":{"drawMode":0,"name":"Shaded","section":"Shading Mode"},"sceneLighting":true,"audioPlay":false,"sceneViewState":{"showFog":true,"showMaterialUpdate":false,"showSkybox":true,"showFlares":true,"showImageEffects":true,"showParticleSystems":true},"in2DMode":false,"pivot":{"x":-16.31422996520996,"y":4.185049057006836,"z":-0.43307334184646609},"rotation":{"x":0.44181138277053835,"y":-0.45349887013435366,"z":0.2772601544857025,"w":0.7227269411087036},"size":17.827869415283204,"orthographic":false}